,Año,Trimestre,Provincia,+ 30 Mbps,Total,menos_30mbps,year_trim
0,2022,3,Buenos Aires,3618689,4721668,627472,22_3
24,2022,2,Buenos Aires,3535757,4667183,758023,22_2
48,2022,1,Buenos Aires,3381049,4555424,826339,22_1
72,2021,4,Buenos Aires,3259793,4509157,895114,21_4
96,2021,3,Buenos Aires,2482266,4251609,1511462,21_3
120,2021,2,Buenos Aires,2337604,4132351,1541638,21_2
144,2021,1,Buenos Aires,2246313,4060002,1562302,21_1
168,2020,4,Buenos Aires,2176242,4033261,1605760,20_4
288,2019,3,Buenos Aires,1246209,3971683,2245340,19_3
192,2020,3,Buenos Aires,2085815,3937277,1596899,20_3
312,2019,2,Buenos Aires,985767,3870807,2623817,19_2
216,2020,2,Buenos Aires,1894466,3777546,1620511,20_2
336,2019,1,Buenos Aires,705769,3732709,2818060,19_1
240,2020,1,Buenos Aires,1802583,3718747,1465606,20_1
264,2019,4,Buenos Aires,1465133,3686254,1530835,19_4
360,2018,4,Buenos Aires,265386,3636606,3157669,18_4
384,2018,3,Buenos Aires,237248,3609754,2497675,18_3
408,2018,2,Buenos Aires,199589,3502314,2893911,18_2
432,2018,1,Buenos Aires,184203,3471700,2888947,18_1
456,2017,4,Buenos Aires,151747,3188332,2356132,17_4
528,2017,1,Buenos Aires,22299,3186724,2290924,17_1
552,2016,4,Buenos Aires,17279,3138541,2717687,16_4
576,2016,3,Buenos Aires,13318,3121140,2661921,16_3
600,2016,2,Buenos Aires,11933,3108515,2761286,16_2
480,2017,3,Buenos Aires,108400,3028468,2608416,17_3
504,2017,2,Buenos Aires,46178,2976720,2631533,17_2
648,2015,4,Buenos Aires,8180,2888246,2605508,15_4
624,2016,1,Buenos Aires,9529,2875136,2487586,16_1
696,2015,2,Buenos Aires,6712,2857754,2605731,15_2
672,2015,3,Buenos Aires,7720,2856078,2585793,15_3
720,2015,1,Buenos Aires,5700,2754612,2528842,15_1
744,2014,4,Buenos Aires,5406,2705954,2505900,14_4
792,2014,2,Buenos Aires,4309,2659316,2517337,14_2
768,2014,3,Buenos Aires,4232,2647181,2488443,14_3
816,2014,1,Buenos Aires,4037,2624542,2500571,14_1
457,2017,4,Capital Federal,114939,1584238,775777,17_4
481,2017,3,Capital Federal,91917,1575199,752381,17_3
505,2017,2,Capital Federal,37977,1564194,1226251,17_2
1,2022,3,Capital Federal,1253105,1547679,125921,22_3
25,2022,2,Capital Federal,1229254,1536771,128747,22_2
289,2019,3,Capital Federal,655108,1442810,671026,19_3
49,2022,1,Capital Federal,1188072,1417541,155105,22_1
97,2021,3,Capital Federal,1075229,1413405,279245,21_3
73,2021,4,Capital Federal,1147939,1412119,187348,21_4
337,2019,1,Capital Federal,283463,1401583,987779,19_1
121,2021,2,Capital Federal,1037752,1400355,297042,21_2
385,2018,3,Capital Federal,165055,1394490,709321,18_3
361,2018,4,Capital Federal,186810,1389020,1059567,18_4
145,2021,1,Capital Federal,1003041,1379673,303164,21_1
169,2020,4,Capital Federal,1000073,1379530,304477,20_4
193,2020,3,Capital Federal,977766,1372675,314763,20_3
409,2018,2,Capital Federal,142253,1371167,1010405,18_2
433,2018,1,Capital Federal,127384,1368594,1019274,18_1
265,2019,4,Capital Federal,753805,1358105,311751,19_4
217,2020,2,Capital Federal,935481,1357821,260108,20_2
241,2020,1,Capital Federal,906009,1354054,350975,20_1
649,2015,4,Capital Federal,10899,1350450,1167520,15_4
697,2015,2,Capital Federal,9258,1346690,1188862,15_2
673,2015,3,Capital Federal,10022,1341574,1127529,15_3
721,2015,1,Capital Federal,8401,1333455,1190903,15_1
745,2014,4,Capital Federal,7997,1331972,1208535,14_4
769,2014,3,Capital Federal,6626,1318799,1218418,14_3
793,2014,2,Capital Federal,6427,1310340,1224708,14_2
625,2016,1,Capital Federal,10838,1303768,1112186,16_1
817,2014,1,Capital Federal,6208,1301081,1232744,14_1
553,2016,4,Capital Federal,16756,1266885,1029059,16_4
529,2017,1,Capital Federal,19881,1262940,1029162,17_1
577,2016,3,Capital Federal,13886,1261686,1051485,16_3
601,2016,2,Capital Federal,13477,1257302,906025,16_2
5,2022,3,Córdoba,650344,1038668,263727,22_3
29,2022,2,Córdoba,619400,1026435,274015,22_2
53,2022,1,Córdoba,577027,1003803,288563,22_1
77,2021,4,Córdoba,538700,986770,305471,21_4
101,2021,3,Córdoba,476459,946788,262134,21_3
125,2021,2,Córdoba,442357,930880,282718,21_2
149,2021,1,Córdoba,402191,910881,361758,21_1
173,2020,4,Córdoba,384169,902701,370773,20_4
20,2022,3,Santa Fe,396352,887810,276873,22_3
44,2022,2,Santa Fe,373888,878859,287218,22_2
68,2022,1,Santa Fe,344170,870479,303716,22_1
197,2020,3,Córdoba,361021,867472,371402,20_3
92,2021,4,Santa Fe,322015,866441,251104,21_4
116,2021,3,Santa Fe,290793,841584,293116,21_3
140,2021,2,Santa Fe,262124,840600,371295,21_2
221,2020,2,Córdoba,325243,836468,297257,20_2
164,2021,1,Santa Fe,236924,826127,373044,21_1
188,2020,4,Santa Fe,226246,820813,379853,20_4
245,2020,1,Córdoba,296875,810924,385337,20_1
269,2019,4,Córdoba,221742,806688,359245,19_4
212,2020,3,Santa Fe,210562,802998,371166,20_3
293,2019,3,Córdoba,157546,782341,511538,19_3
236,2020,2,Santa Fe,189473,777932,374606,20_2
317,2019,2,Córdoba,76053,769793,585019,19_2
284,2019,4,Santa Fe,135576,769169,421739,19_4
260,2020,1,Santa Fe,173823,762556,286411,20_1
308,2019,3,Santa Fe,97082,752576,448431,19_3
341,2019,1,Córdoba,50716,746418,592628,19_1
365,2018,4,Córdoba,48809,737339,583079,18_4
332,2019,2,Santa Fe,49865,736108,541633,19_2
356,2019,1,Santa Fe,36502,732320,530850,19_1
389,2018,3,Córdoba,39854,723352,581365,18_3
380,2018,4,Santa Fe,36427,720390,537519,18_4
437,2018,1,Córdoba,29228,713991,572943,18_1
413,2018,2,Córdoba,34950,710289,565362,18_2
461,2017,4,Córdoba,24251,700611,567658,17_4
404,2018,3,Santa Fe,31266,692572,535691,18_3
428,2018,2,Santa Fe,26512,684591,372389,18_2
452,2018,1,Santa Fe,22801,680053,338484,18_1
485,2017,3,Córdoba,16741,679929,566018,17_3
476,2017,4,Santa Fe,19602,671964,529304,17_4
605,2016,2,Córdoba,1242,659050,536805,16_2
509,2017,2,Córdoba,5069,658560,567271,17_2
581,2016,3,Córdoba,1322,644678,567800,16_3
533,2017,1,Córdoba,2071,642098,558466,17_1
557,2016,4,Córdoba,1606,637473,531909,16_4
653,2015,4,Córdoba,1088,625929,563184,15_4
500,2017,3,Santa Fe,12982,624462,507027,17_3
677,2015,3,Córdoba,1048,622813,562006,15_3
701,2015,2,Córdoba,903,611835,557343,15_2
629,2016,1,Córdoba,1039,611484,546014,16_1
725,2015,1,Córdoba,815,597833,551857,15_1
749,2014,4,Córdoba,782,589873,547144,14_4
620,2016,2,Santa Fe,1277,588531,518749,16_2
773,2014,3,Córdoba,664,583972,561012,14_3
797,2014,2,Córdoba,627,577464,548823,14_2
596,2016,3,Santa Fe,1308,568104,484950,16_3
821,2014,1,Córdoba,588,567453,543113,14_1
524,2017,2,Santa Fe,4275,567004,469875,17_2
548,2017,1,Santa Fe,1831,562613,483630,17_1
572,2016,4,Santa Fe,1529,561542,485612,16_4
668,2015,4,Santa Fe,1189,560204,429837,15_4
692,2015,3,Santa Fe,1133,555766,493014,15_3
644,2016,1,Santa Fe,1063,551809,486629,16_1
716,2015,2,Santa Fe,1014,547253,493034,15_2
740,2015,1,Santa Fe,900,536252,490082,15_1
764,2014,4,Santa Fe,824,527471,497750,14_4
788,2014,3,Santa Fe,806,515368,483535,14_3
812,2014,2,Santa Fe,792,512094,487669,14_2
836,2014,1,Santa Fe,668,506013,485224,14_1
12,2022,3,Mendoza,150043,289523,113659,22_3
36,2022,2,Mendoza,121366,279562,132626,22_2
60,2022,1,Mendoza,95048,275185,151469,22_1
31,2022,2,Entre Ríos,98769,269352,106230,22_2
7,2022,3,Entre Ríos,102195,268959,104113,22_3
55,2022,1,Entre Ríos,81757,267926,120762,22_1
84,2021,4,Mendoza,75031,267587,163286,21_4
79,2021,4,Entre Ríos,77290,265046,122500,21_4
23,2022,3,Tucumán,159600,263117,64570,22_3
103,2021,3,Entre Ríos,67961,260375,120846,21_3
127,2021,2,Entre Ríos,61605,257632,125564,21_2
108,2021,3,Mendoza,21087,255939,222765,21_3
47,2022,2,Tucumán,145541,254527,65543,22_2
151,2021,1,Entre Ríos,54600,251963,129422,21_1
175,2020,4,Entre Ríos,53141,247381,110541,20_4
71,2022,1,Tucumán,133846,245584,64855,22_1
199,2020,3,Entre Ríos,49395,241495,126033,20_3
271,2019,4,Entre Ríos,30153,239030,150611,19_4
95,2021,4,Tucumán,125857,238639,65030,21_4
295,2019,3,Entre Ríos,22645,236314,142572,19_3
319,2019,2,Entre Ríos,10664,234213,154189,19_2
223,2020,2,Entre Ríos,43391,234113,88802,20_2
343,2019,1,Entre Ríos,7619,233180,163513,19_1
143,2021,2,Tucumán,109616,233051,70268,21_2
119,2021,3,Tucumán,115154,232472,62775,21_3
167,2021,1,Tucumán,103437,231912,73513,21_1
191,2020,4,Tucumán,93594,231089,81615,20_4
247,2020,1,Entre Ríos,39794,230292,130774,20_1
132,2021,2,Mendoza,20686,229671,198652,21_2
215,2020,3,Tucumán,84195,223876,83775,20_3
300,2019,3,Mendoza,349,222774,219656,19_3
367,2018,4,Entre Ríos,7612,222047,150877,18_4
156,2021,1,Mendoza,16615,218923,191660,21_1
239,2020,2,Tucumán,74377,217156,86948,20_2
348,2019,1,Mendoza,140,215979,214181,19_1
180,2020,4,Mendoza,11557,215453,190766,20_4
396,2018,3,Mendoza,129,208201,206019,18_3
204,2020,3,Mendoza,8237,207788,188265,20_3
372,2018,4,Mendoza,132,206304,204029,18_4
16,2022,3,Salta,85661,204541,40875,22_3
391,2018,3,Entre Ríos,6786,204062,151787,18_3
40,2022,2,Salta,81478,203177,42193,22_2
228,2020,2,Mendoza,5422,201184,181755,20_2
420,2018,2,Mendoza,72,200932,169284,18_2
444,2018,1,Mendoza,72,200927,169311,18_1
263,2020,1,Tucumán,67536,200449,82314,20_1
415,2018,2,Entre Ríos,5920,199439,149111,18_2
88,2021,4,Salta,72622,199405,52190,21_4
287,2019,4,Tucumán,56707,198644,90415,19_4
64,2022,1,Salta,76838,197515,46968,22_1
439,2018,1,Entre Ríos,5071,196848,146340,18_1
112,2021,3,Salta,67010,195833,53481,21_3
463,2017,4,Entre Ríos,4113,193499,117188,17_4
136,2021,2,Salta,58882,191639,60506,21_2
607,2016,2,Entre Ríos,205,189595,160114,16_2
160,2021,1,Salta,54889,187574,59378,21_1
184,2020,4,Salta,46697,187390,71152,20_4
276,2019,4,Mendoza,2628,185780,170091,19_4
487,2017,3,Entre Ríos,2397,185501,140157,17_3
511,2017,2,Entre Ríos,823,182797,138662,17_2
13,2022,3,Misiones,80330,182157,73178,22_3
583,2016,3,Entre Ríos,248,181226,142313,16_3
208,2020,3,Salta,43773,180846,48737,20_3
535,2017,1,Entre Ríos,317,180418,132171,17_1
559,2016,4,Entre Ríos,280,180310,140027,16_4
468,2017,4,Mendoza,81,180154,182632,17_4
37,2022,2,Misiones,75107,178813,74103,22_2
588,2016,3,Mendoza,17,178376,179186,16_3
232,2020,2,Salta,39594,177762,72961,20_2
612,2016,2,Mendoza,20,177519,182082,16_2
516,2017,2,Mendoza,22,177505,179083,17_2
540,2017,1,Mendoza,22,177485,178961,17_1
564,2016,4,Mendoza,20,177477,179034,16_4
252,2020,1,Mendoza,3818,176960,159165,20_1
636,2016,1,Mendoza,17,175744,178416,16_1
660,2015,4,Mendoza,13,175080,177819,15_4
631,2016,1,Entre Ríos,165,174533,143377,16_1
655,2015,4,Entre Ríos,163,174191,143630,15_4
684,2015,3,Mendoza,13,173792,176470,15_3
679,2015,3,Entre Ríos,153,172487,141002,15_3
280,2019,4,Salta,25821,172445,60445,19_4
359,2019,1,Tucumán,14839,172217,98679,19_1
383,2018,4,Tucumán,14839,172004,122074,18_4
52,2022,1,Chubut,14055,171628,81355,22_1
61,2022,1,Misiones,58610,171508,82747,22_1
85,2021,4,Misiones,54596,171132,85151,21_4
407,2018,3,Tucumán,12187,171040,124184,18_3
708,2015,2,Mendoza,13,170821,173601,15_2
256,2020,1,Salta,34744,170695,71583,20_1
732,2015,1,Mendoza,11,170145,173093,15_1
431,2018,2,Tucumán,8784,169850,114937,18_2
756,2014,4,Mendoza,12,169611,172632,14_4
703,2015,2,Entre Ríos,136,169543,140300,15_2
455,2018,1,Tucumán,7082,167984,114066,18_1
780,2014,3,Mendoza,1,167855,168363,14_3
804,2014,2,Mendoza,10,166807,167270,14_2
828,2014,1,Mendoza,9,166740,167225,14_1
727,2015,1,Entre Ríos,119,166418,140652,15_1
4,2022,3,Chubut,17563,165778,98232,22_3
311,2019,3,Tucumán,20385,164444,105087,19_3
14,2022,3,Neuquén,78713,163161,49894,22_3
28,2022,2,Chubut,15394,162805,66293,22_2
479,2017,4,Tucumán,4367,162248,113585,17_4
38,2022,2,Neuquén,76982,161968,61400,22_2
15,2022,3,Río Negro,42596,160558,76830,22_3
76,2021,4,Chubut,2904,160308,98005,21_4
503,2017,3,Tucumán,655,159959,114983,17_3
39,2022,2,Río Negro,41972,159764,76583,22_2
492,2017,3,Mendoza,19,158818,160691,17_3
109,2021,3,Misiones,42291,158528,83363,21_3
63,2022,1,Río Negro,37729,157374,79178,22_1
133,2021,2,Misiones,38308,156176,84186,21_2
100,2021,3,Chubut,1643,156066,110328,21_3
527,2017,2,Tucumán,21,154390,112697,17_2
87,2021,4,Río Negro,36142,153753,72775,21_4
551,2017,1,Tucumán,13,152750,114446,17_1
304,2019,3,Salta,12357,151938,78377,19_3
575,2016,4,Tucumán,10,151631,113378,16_4
599,2016,3,Tucumán,4,151304,104090,16_3
62,2022,1,Neuquén,71238,149679,56166,22_1
157,2021,1,Misiones,32953,149387,75205,21_1
623,2016,2,Tucumán,2,148926,106933,16_2
86,2021,4,Neuquén,69217,147466,63959,21_4
181,2020,4,Misiones,32264,147161,73664,20_4
647,2016,1,Tucumán,0,146613,123916,16_1
671,2015,4,Tucumán,0,146080,103052,15_4
30,2022,2,Corrientes,55071,144997,58580,22_2
6,2022,3,Corrientes,56950,144846,57444,22_3
111,2021,3,Río Negro,34011,144585,79581,21_3
695,2015,3,Tucumán,0,144301,120873,15_3
303,2019,3,Río Negro,15505,144243,109094,19_3
3,2022,3,Chaco,79390,144146,55139,22_3
51,2022,1,Chaco,62946,144119,56507,22_1
135,2021,2,Río Negro,31488,144084,95062,21_2
75,2021,4,Chaco,58435,143745,60204,21_4
27,2022,2,Chaco,76271,143564,47625,22_2
205,2020,3,Misiones,30987,143186,84560,20_3
328,2019,2,Salta,6461,142650,100888,19_2
54,2022,1,Corrientes,43631,142578,66791,22_1
183,2020,4,Río Negro,29372,141210,92858,20_4
159,2021,1,Río Negro,29589,141168,92608,21_1
751,2014,4,Entre Ríos,66,140730,122355,14_4
123,2021,2,Chaco,47239,140729,67675,21_2
719,2015,2,Tucumán,0,140670,118762,15_2
229,2020,2,Misiones,28763,140340,84567,20_2
99,2021,3,Chaco,49705,139871,64939,21_3
110,2021,3,Neuquén,57919,139809,71696,21_3
147,2021,1,Chaco,42462,139770,70539,21_1
124,2021,2,Chubut,1112,139237,112229,21_2
171,2020,4,Chaco,40949,139091,71415,20_4
327,2019,2,Río Negro,6907,138429,114258,19_2
743,2015,1,Tucumán,0,138262,119170,15_1
134,2021,2,Neuquén,54008,138250,73917,21_2
767,2014,4,Tucumán,0,137414,118700,14_4
775,2014,3,Entre Ríos,48,136796,96261,14_3
352,2019,1,Salta,2242,136012,77118,19_1
78,2021,4,Corrientes,39911,135912,68959,21_4
277,2019,4,Misiones,20799,135813,83305,19_4
799,2014,2,Entre Ríos,44,135495,122887,14_2
424,2018,2,Salta,182,135006,98992,18_2
376,2018,4,Salta,2242,134578,75793,18_4
823,2014,1,Entre Ríos,43,134248,130091,14_1
448,2018,1,Salta,88,134001,101869,18_1
195,2020,3,Chaco,38729,133954,70172,20_3
102,2021,3,Corrientes,35468,133819,71228,21_3
400,2018,3,Salta,502,133722,101482,18_3
253,2020,1,Misiones,26313,133700,80586,20_1
472,2017,4,Salta,84,133648,106446,17_4
496,2017,3,Salta,63,133400,93551,17_3
158,2021,1,Neuquén,50840,133235,72181,21_1
182,2020,4,Neuquén,50776,133135,72148,20_4
309,2019,3,Santiago Del Estero,1836,132632,42248,19_3
148,2021,1,Chubut,1112,132340,107372,21_1
815,2014,2,Tucumán,0,132059,123079,14_2
791,2014,3,Tucumán,0,132054,123074,14_3
207,2020,3,Río Negro,28488,131467,85337,20_3
301,2019,3,Misiones,16650,131099,73291,19_3
172,2020,4,Chubut,1112,130574,105171,20_4
325,2019,2,Misiones,8129,130052,82755,19_2
839,2014,1,Tucumán,0,130032,121592,14_1
196,2020,3,Chubut,1110,130027,105264,20_3
126,2021,2,Corrientes,32697,129501,71122,21_2
231,2020,2,Río Negro,26953,129486,87361,20_2
206,2020,3,Neuquén,49439,129235,77337,20_3
219,2020,2,Chaco,33311,128132,77836,20_2
279,2019,4,Río Negro,19837,127140,88513,19_4
255,2020,1,Río Negro,25488,126927,86010,20_1
150,2021,1,Corrientes,27641,126625,72654,21_1
230,2020,2,Neuquén,46432,126172,78542,20_2
333,2019,2,Santiago Del Estero,1205,126056,70311,19_2
174,2020,4,Corrientes,26789,125659,72910,20_4
349,2019,1,Misiones,5167,125633,87345,19_1
302,2019,3,Neuquén,28458,124898,92137,19_3
198,2020,3,Corrientes,25344,123391,75103,20_3
326,2019,2,Neuquén,14132,122886,87273,19_2
138,2021,2,San Luis,22,122818,83716,21_2
306,2019,3,San Luis,5,122702,87125,19_3
254,2020,1,Neuquén,43738,122214,78124,20_1
18,2022,3,San Luis,13,122070,89732,22_3
42,2022,2,San Luis,13,121741,88990,22_2
351,2019,1,Río Negro,5076,120826,113450,19_1
243,2020,1,Chaco,28539,120226,75918,20_1
66,2022,1,San Luis,13,119844,93741,22_1
186,2020,4,San Luis,22,119435,79527,20_4
162,2021,1,San Luis,22,119154,79811,21_1
21,2022,3,Santiago Del Estero,12342,119032,56708,22_3
222,2020,2,Corrientes,22418,118866,73974,20_2
90,2021,4,San Luis,9,118849,88280,21_4
9,2022,3,Jujuy,45895,118823,62867,22_3
45,2022,2,Santiago Del Estero,10672,118044,56198,22_2
267,2019,4,Chaco,21556,117903,71147,19_4
114,2021,3,San Luis,22,117864,86585,21_3
330,2019,2,San Luis,5,117383,80071,19_2
375,2018,4,Río Negro,5070,116837,99390,18_4
446,2018,1,Neuquén,7378,116746,101952,18_1
210,2020,3,San Luis,8,116565,77234,20_3
57,2022,1,Jujuy,35287,116509,68165,22_1
69,2022,1,Santiago Del Estero,8309,116461,55433,22_1
278,2019,4,Neuquén,35001,116445,78976,19_4
373,2018,4,Misiones,5167,116273,85510,18_4
10,2022,3,La Pampa,22731,116092,81308,22_3
398,2018,3,Neuquén,9718,115935,98465,18_3
93,2021,4,Santiago Del Estero,7537,115861,62990,21_4
470,2017,4,Neuquén,6300,115843,102113,17_4
117,2021,3,Santiago Del Estero,6863,115458,62356,21_3
33,2022,2,Jujuy,37391,115314,65143,22_2
422,2018,2,Neuquén,8551,114668,98698,18_2
374,2018,4,Neuquén,11025,114365,95272,18_4
350,2019,1,Neuquén,11026,114242,95330,19_1
141,2021,2,Santiago Del Estero,6064,114090,60823,21_2
234,2020,2,San Luis,8,113952,75312,20_2
81,2021,4,Jujuy,33421,113915,68550,21_4
270,2019,4,Corrientes,15744,113834,73123,19_4
246,2020,1,Corrientes,19467,113737,73499,20_1
399,2018,3,Río Negro,4332,113504,100999,18_3
291,2019,3,Chaco,16740,112227,60993,19_3
423,2018,2,Río Negro,3725,112129,92755,18_2
129,2021,2,Jujuy,29950,111848,70390,21_2
165,2021,1,Santiago Del Estero,4868,111641,59753,21_1
34,2022,2,La Pampa,17125,111527,70478,22_2
447,2018,1,Río Negro,3129,111239,107286,18_1
105,2021,3,Jujuy,29917,111158,69479,21_3
294,2019,3,Corrientes,12674,110656,69037,19_3
397,2018,3,Misiones,4547,110594,81732,18_3
153,2021,1,Jujuy,25609,110456,72304,21_1
258,2020,1,San Luis,5,110454,75880,20_1
315,2019,2,Chaco,9904,109904,72698,19_2
58,2022,1,La Pampa,14400,109732,80614,22_1
471,2017,4,Río Negro,2440,109678,106715,17_4
518,2017,2,Neuquén,1703,109586,107034,17_2
318,2019,2,Corrientes,7119,109461,68578,19_2
494,2017,3,Neuquén,4937,109276,103305,17_3
616,2016,2,Salta,49,109235,89743,16_2
421,2018,2,Misiones,3866,108699,81696,18_2
220,2020,2,Chubut,614,108656,84258,20_2
520,2017,2,Salta,76,108551,90636,17_2
282,2019,4,San Luis,3,108201,73417,19_4
592,2016,3,Salta,50,107818,89312,16_3
544,2017,1,Salta,74,107643,93629,17_1
542,2017,1,Neuquén,458,107491,92514,17_1
82,2021,4,La Pampa,12184,107007,89860,21_4
339,2019,1,Chaco,6368,106982,74568,19_1
568,2016,4,Salta,70,106947,93434,16_4
201,2020,3,Jujuy,15238,106728,82629,20_3
189,2020,4,Santiago Del Estero,4520,106669,53614,20_4
566,2016,4,Neuquén,271,106093,105030,16_4
590,2016,3,Neuquén,225,106026,105121,16_3
177,2020,4,Jujuy,19282,105851,35035,20_4
213,2020,3,Santiago Del Estero,3994,105492,51285,20_3
237,2020,2,Santiago Del Estero,3328,105447,43314,20_2
519,2017,2,Río Negro,559,105379,106141,17_2
387,2018,3,Chaco,5667,105340,74352,18_3
615,2016,2,Río Negro,86,105131,109531,16_2
543,2017,1,Río Negro,200,105033,113461,17_1
495,2017,3,Río Negro,1659,105009,106842,17_3
567,2016,4,Río Negro,122,104779,113391,16_4
614,2016,2,Neuquén,208,104778,103987,16_2
591,2016,3,Río Negro,99,104771,111575,16_3
469,2017,4,Misiones,2735,103895,74168,17_4
285,2019,4,Santiago Del Estero,2449,103588,50127,19_4
445,2018,1,Misiones,3219,103542,72811,18_1
17,2022,3,San Juan,19221,103399,55426,22_3
363,2018,4,Chaco,6368,103270,71890,18_4
261,2020,1,Santiago Del Estero,2799,103054,41282,20_1
388,2018,3,Chubut,164,102594,107257,18_3
640,2016,1,Salta,31,102071,85363,16_1
662,2015,4,Neuquén,175,102039,101490,15_4
664,2015,4,Salta,5,101936,85683,15_4
639,2016,1,Río Negro,81,101921,102330,16_1
342,2019,1,Corrientes,5029,101659,64335,19_1
663,2015,4,Río Negro,75,101122,100891,15_4
366,2018,4,Corrientes,5029,100601,69100,18_4
688,2015,3,Salta,5,100589,83682,15_3
412,2018,2,Chubut,9,100533,90829,18_2
493,2017,3,Misiones,1881,100526,75837,17_3
687,2015,3,Río Negro,62,100508,100356,15_3
106,2021,3,La Pampa,10506,100487,83933,21_3
41,2022,2,San Juan,16701,100407,61029,22_2
517,2017,2,Misiones,570,99796,77193,17_2
390,2018,3,Corrientes,4419,99459,70186,18_3
354,2019,1,San Luis,2,98701,26660,19_1
711,2015,2,Río Negro,51,98689,95634,15_2
638,2016,1,Neuquén,171,98453,97542,16_1
411,2018,2,Chaco,4630,98290,68973,18_2
712,2015,2,Salta,5,98269,70566,15_2
589,2016,3,Misiones,91,97998,68177,16_3
414,2018,2,Corrientes,3862,97960,64029,18_2
436,2018,1,Chubut,9,97928,88235,18_1
783,2014,3,Río Negro,9,97745,94445,14_3
130,2021,2,La Pampa,9311,97667,84193,21_2
541,2017,1,Misiones,166,97621,72699,17_1
565,2016,4,Misiones,126,97392,72924,16_4
735,2015,1,Río Negro,42,97227,97109,15_1
154,2021,1,La Pampa,7368,97105,87117,21_1
244,2020,1,Chubut,614,96920,80136,20_1
178,2020,4,La Pampa,6257,96895,87662,20_4
613,2016,2,Misiones,96,96832,62013,16_2
736,2015,1,Salta,5,96810,82985,15_1
435,2018,1,Chaco,3897,96782,67992,18_1
459,2017,4,Chaco,3289,96471,62128,17_4
378,2018,4,San Luis,2,96331,22634,18_4
268,2019,4,Chubut,614,96102,78764,19_4
759,2014,4,Río Negro,30,95904,92540,14_4
686,2015,3,Neuquén,155,95867,95520,15_3
807,2014,2,Río Negro,8,95610,95542,14_2
831,2014,1,Río Negro,8,94736,90461,14_1
438,2018,1,Corrientes,3256,94420,61924,18_1
225,2020,2,Jujuy,9417,94316,61837,20_2
249,2020,1,Jujuy,7349,94089,63843,20_1
760,2014,4,Salta,4,93967,81897,14_4
462,2017,4,Corrientes,2675,93771,62811,17_4
202,2020,3,La Pampa,6322,93735,85491,20_3
460,2017,4,Chubut,9,93432,88779,17_4
784,2014,3,Salta,0,92941,94707,14_3
637,2016,1,Misiones,68,92927,89306,16_1
661,2015,4,Misiones,52,92855,77907,15_4
483,2017,3,Chaco,2004,92796,68639,17_3
486,2017,3,Corrientes,1607,92561,68385,17_3
710,2015,2,Neuquén,110,92324,92018,15_2
808,2014,2,Salta,0,91992,87668,14_2
685,2015,3,Misiones,43,91624,87867,15_3
357,2019,1,Santiago Del Estero,494,91535,71466,19_1
832,2014,1,Salta,0,91297,87408,14_1
298,2019,3,La Pampa,941,90826,84478,19_3
507,2017,2,Chaco,545,90609,69434,17_2
274,2019,4,La Pampa,1342,90399,86045,19_4
322,2019,2,La Pampa,629,90223,83866,19_2
292,2019,3,Chubut,614,90152,79115,19_3
369,2018,4,Jujuy,1141,90133,38121,18_4
510,2017,2,Corrientes,647,90094,67806,17_2
226,2020,2,La Pampa,3377,89809,83943,20_2
734,2015,1,Neuquén,76,89574,89346,15_1
579,2016,3,Chaco,217,89416,69716,16_3
381,2018,4,Santiago Del Estero,483,89335,66518,18_4
316,2019,2,Chubut,165,89333,75879,19_2
758,2014,4,Neuquén,66,89228,89054,14_4
250,2020,1,La Pampa,2113,89145,88151,20_1
531,2017,1,Chaco,314,89047,68985,17_1
297,2019,3,Jujuy,3671,88981,68237,19_3
273,2019,4,Jujuy,5286,88881,61254,19_4
555,2016,4,Chaco,250,88854,69000,16_4
534,2017,1,Corrientes,303,88605,62415,17_1
709,2015,2,Misiones,33,88524,76439,15_2
582,2016,3,Corrientes,210,88346,68315,16_3
603,2016,2,Chaco,201,88291,58636,16_2
65,2022,1,San Juan,11916,88178,62117,22_1
558,2016,4,Corrientes,234,88093,67807,16_4
782,2014,3,Neuquén,27,87720,87676,14_3
346,2019,1,La Pampa,405,87085,83640,19_1
606,2016,2,Corrientes,191,87020,75225,16_2
11,2022,3,La Rioja,50390,86864,39462,22_3
321,2019,2,Jujuy,2600,86733,36440,19_2
627,2016,1,Chaco,184,86650,68824,16_1
651,2015,4,Chaco,159,86553,69532,15_4
806,2014,2,Neuquén,30,86237,86133,14_2
405,2018,3,Santiago Del Estero,265,86102,65371,18_3
35,2022,2,La Rioja,48920,86030,39934,22_2
370,2018,4,La Pampa,270,85636,91753,18_4
630,2016,1,Corrientes,170,85534,62363,16_1
654,2015,4,Corrientes,150,85433,71771,15_4
675,2015,3,Chaco,157,85374,77172,15_3
733,2015,1,Misiones,26,85150,83105,15_1
678,2015,3,Corrientes,146,84959,71019,15_3
59,2022,1,La Rioja,45970,84303,40805,22_1
453,2018,1,Santiago Del Estero,2,84236,45778,18_1
830,2014,1,Neuquén,22,83958,92753,14_1
699,2015,2,Chaco,149,83846,75706,15_2
429,2018,2,Santiago Del Estero,31,83770,48077,18_2
345,2019,1,Jujuy,1141,83736,38135,19_1
394,2018,3,La Pampa,216,83342,89733,18_3
702,2015,2,Corrientes,126,83319,69726,15_2
83,2021,4,La Rioja,43424,83128,34438,21_4
340,2019,1,Chubut,165,82678,84285,19_1
442,2018,1,La Pampa,98,82375,84889,18_1
418,2018,2,La Pampa,179,82344,98660,18_2
107,2021,3,La Rioja,42613,82160,33739,21_3
131,2021,2,La Rioja,42158,81602,33625,21_2
726,2015,1,Corrientes,98,81484,68271,15_1
723,2015,1,Chaco,135,81357,69974,15_1
466,2017,4,La Pampa,81,81086,89712,17_4
580,2016,3,Chubut,0,80705,79554,16_3
508,2017,2,Chubut,0,80229,81976,17_2
556,2016,4,Chubut,0,80197,82454,16_4
532,2017,1,Chubut,0,80150,81951,17_1
89,2021,4,San Juan,9800,79958,58746,21_4
604,2016,2,Chubut,0,79846,84219,16_2
113,2021,3,San Juan,278,79483,68088,21_3
137,2021,2,San Juan,278,78933,68154,21_2
364,2018,4,Chubut,165,78722,82178,18_4
628,2016,1,Chubut,0,78651,78431,16_1
484,2017,3,Chubut,0,78607,80222,17_3
652,2015,4,Chubut,0,78448,83905,15_4
676,2015,3,Chubut,0,78362,83964,15_3
161,2021,1,San Juan,276,78267,77523,21_1
209,2020,3,San Juan,128,77327,74885,20_3
757,2014,4,Misiones,12,77229,63239,14_4
305,2019,3,San Juan,128,76968,71922,19_3
781,2014,3,Misiones,1,75322,75153,14_3
610,2016,2,La Pampa,11,75214,80984,16_2
490,2017,3,La Pampa,51,75202,85618,17_3
805,2014,2,Misiones,0,74689,73643,14_2
402,2018,3,San Luis,2,74362,22650,18_3
829,2014,1,Misiones,0,73954,69328,14_1
185,2020,4,San Juan,275,72596,71952,20_4
796,2014,2,Chubut,0,70514,70514,14_2
2,2022,3,Catamarca,50298,70293,16493,22_3
329,2019,2,San Juan,4,70240,71183,19_2
233,2020,2,San Juan,127,69777,66841,20_2
514,2017,2,La Pampa,21,69193,77038,17_2
772,2014,3,Chubut,0,69099,69065,14_3
477,2017,4,Santiago Del Estero,2,68842,50724,17_4
820,2014,1,Chubut,0,68791,68881,14_1
748,2014,4,Chubut,0,68538,68468,14_4
8,2022,3,Formosa,17704,68538,39412,22_3
538,2017,1,La Pampa,11,68079,74208,17_1
32,2022,2,Formosa,16326,67881,35417,22_2
257,2020,1,San Juan,127,67861,63899,20_1
562,2016,4,La Pampa,11,67345,74833,16_4
26,2022,2,Catamarca,43926,67008,19076,22_2
586,2016,3,La Pampa,11,66717,73099,16_3
747,2014,4,Chaco,2,66060,61039,14_4
750,2014,4,Corrientes,9,65710,46074,14_4
501,2017,3,Santiago Del Estero,2,65360,47760,17_3
281,2019,4,San Juan,127,64974,62808,19_4
401,2018,3,San Juan,1,64369,67221,18_3
724,2015,1,Chubut,0,64262,70019,15_1
425,2018,2,San Juan,0,64073,59219,18_2
353,2019,1,San Juan,2,63982,70120,19_1
634,2016,1,La Pampa,11,63783,68932,16_1
771,2014,3,Chaco,0,63770,61969,14_3
774,2014,3,Corrientes,0,63539,58547,14_3
795,2014,2,Chaco,0,63304,61639,14_2
449,2018,1,San Juan,0,63240,58386,18_1
798,2014,2,Corrientes,0,62957,66542,14_2
700,2015,2,Chubut,0,62647,68383,15_2
819,2014,1,Chaco,0,62546,68558,14_1
658,2015,4,La Pampa,10,62479,68789,15_4
377,2018,4,San Juan,1,62398,64626,18_4
50,2022,1,Catamarca,35715,62378,22190,22_1
822,2014,1,Corrientes,0,62235,63599,14_1
682,2015,3,La Pampa,10,61473,67817,15_3
706,2015,2,La Pampa,10,60240,60644,15_2
730,2015,1,La Pampa,10,59210,59381,15_1
74,2021,4,Catamarca,29827,59090,19814,21_4
569,2016,4,San Juan,4,58840,60888,16_4
593,2016,3,San Juan,2,58832,61107,16_3
521,2017,2,San Juan,4,58800,60668,17_2
545,2017,1,San Juan,4,58792,60588,17_1
497,2017,3,San Juan,2,58695,58989,17_3
473,2017,4,San Juan,2,58622,58827,17_4
617,2016,2,San Juan,4,57876,60419,16_2
641,2016,1,San Juan,2,56767,59627,16_1
98,2021,3,Catamarca,26618,56254,19641,21_3
665,2015,4,San Juan,2,56158,59711,15_4
122,2021,2,Catamarca,25388,55744,19698,21_2
689,2015,3,San Juan,2,55365,58963,15_3
56,2022,1,Formosa,15028,54548,43336,22_1
778,2014,3,La Pampa,10,54155,54202,14_3
22,2022,3,Tierra Del Fuego,1021,53896,42386,22_3
46,2022,2,Tierra Del Fuego,1006,53770,42262,22_2
80,2021,4,Formosa,13775,53663,31694,21_4
104,2021,3,Formosa,12707,52795,34758,21_3
179,2020,4,La Rioja,4979,52778,43539,20_4
155,2021,1,La Rioja,5074,52628,43693,21_1
203,2020,3,La Rioja,4748,52616,39031,20_3
70,2022,1,Tierra Del Fuego,982,52611,41830,22_1
170,2020,4,Catamarca,20406,52396,26899,20_4
94,2021,4,Tierra Del Fuego,1017,52357,35925,21_4
443,2018,1,La Rioja,1,52242,48276,18_1
467,2017,4,La Rioja,3,52195,48388,17_4
227,2020,2,La Rioja,4336,52155,43011,20_2
761,2014,4,San Juan,2,52119,56518,14_4
713,2015,2,San Juan,2,51988,55748,15_2
146,2021,1,Catamarca,22996,51968,25368,21_1
419,2018,2,La Rioja,15,51945,42917,18_2
491,2017,3,La Rioja,3,51924,48373,17_3
395,2018,3,La Rioja,339,51869,47653,18_3
737,2015,1,San Juan,2,51801,55876,15_1
785,2014,3,San Juan,0,51771,56226,14_3
347,2019,1,La Rioja,869,51653,46930,19_1
371,2018,4,La Rioja,869,51651,46925,18_4
809,2014,2,San Juan,0,51646,56299,14_2
833,2014,1,San Juan,0,51589,56386,14_1
128,2021,2,Formosa,11077,51551,28261,21_2
152,2021,1,Formosa,9579,50686,32100,21_1
118,2021,3,Tierra Del Fuego,976,50223,35108,21_3
176,2020,4,Formosa,8946,50206,32478,20_4
194,2020,3,Catamarca,18886,49904,25721,20_3
754,2014,4,La Pampa,10,49710,49755,14_4
299,2019,3,La Rioja,1307,49678,43954,19_3
19,2022,3,Santa Cruz,4604,49510,33414,22_3
200,2020,3,Formosa,8219,49209,45618,20_3
43,2022,2,Santa Cruz,3592,49185,34048,22_2
67,2022,1,Santa Cruz,2551,49102,35023,22_1
275,2019,4,La Rioja,1305,49002,43039,19_4
139,2021,2,Santa Cruz,676,48982,39558,21_2
115,2021,3,Santa Cruz,678,48976,39648,21_3
310,2019,3,Tierra Del Fuego,226,48557,34909,19_3
91,2021,4,Santa Cruz,876,48486,37026,21_4
251,2020,1,La Rioja,1294,48345,38113,20_1
218,2020,2,Catamarca,16578,47976,23933,20_2
224,2020,2,Formosa,7475,47932,45562,20_2
802,2014,2,La Pampa,10,47919,47972,14_2
320,2019,2,Formosa,2258,46751,41136,19_2
272,2019,4,Formosa,5671,46711,36197,19_4
826,2014,1,La Pampa,10,46506,46560,14_1
296,2019,3,Formosa,4443,46373,37923,19_3
248,2020,1,Formosa,6918,46276,44512,20_1
382,2018,4,Tierra Del Fuego,67,46260,40383,18_4
163,2021,1,Santa Cruz,647,46065,39479,21_1
344,2019,1,Formosa,1654,45299,37345,19_1
368,2018,4,Formosa,1654,45204,37266,18_4
417,2018,2,Jujuy,7,45095,37518,18_2
393,2018,3,Jujuy,623,44897,37256,18_3
392,2018,3,Formosa,1434,44857,37165,18_3
416,2018,2,Formosa,1243,44546,37128,18_2
441,2018,1,Jujuy,4,44393,39891,18_1
406,2018,3,Tierra Del Fuego,13,44300,46049,18_3
465,2017,4,Jujuy,3,43550,39327,17_4
430,2018,2,Tierra Del Fuego,0,43505,43602,18_2
609,2016,2,Jujuy,0,43496,36359,16_2
358,2019,1,Tierra Del Fuego,29,43361,47431,19_1
489,2017,3,Jujuy,2,43269,39300,17_3
537,2017,1,Jujuy,0,43203,40083,17_1
513,2017,2,Jujuy,1,42658,38860,17_2
561,2016,4,Jujuy,0,42626,39597,16_4
585,2016,3,Jujuy,0,42541,39451,16_3
187,2020,4,Santa Cruz,647,40674,35310,20_4
166,2021,1,Tierra Del Fuego,919,40422,30726,21_1
286,2019,4,Tierra Del Fuego,1962,40392,26941,19_4
633,2016,1,Jujuy,0,40295,35107,16_1
657,2015,4,Jujuy,0,39925,34881,15_4
214,2020,3,Tierra Del Fuego,937,39655,30740,20_3
190,2020,4,Tierra Del Fuego,922,39614,30428,20_4
681,2015,3,Jujuy,0,39550,43075,15_3
693,2015,3,Santiago Del Estero,0,39398,39769,15_3
717,2015,2,Santiago Del Estero,0,39379,48145,15_2
283,2019,4,Santa Cruz,8,39370,35332,19_4
765,2014,4,Santiago Del Estero,0,39301,40360,14_4
211,2020,3,Santa Cruz,120,39281,34511,20_3
238,2020,2,Tierra Del Fuego,796,39189,29379,20_2
669,2015,4,Santiago Del Estero,0,39138,39796,15_4
622,2016,2,Tierra Del Fuego,0,39075,41793,16_2
235,2020,2,Santa Cruz,119,38869,39599,20_2
242,2020,1,Catamarca,10299,38860,23106,20_1
741,2015,1,Santiago Del Estero,0,38617,46862,15_1
645,2016,1,Santiago Del Estero,0,38394,38952,16_1
259,2020,1,Santa Cruz,119,38335,38686,20_1
266,2019,4,Catamarca,7477,38311,27920,19_4
813,2014,2,Santiago Del Estero,0,37996,36407,14_2
705,2015,2,Jujuy,0,37723,39501,15_2
621,2016,2,Santiago Del Estero,0,37669,38071,16_2
262,2020,1,Tierra Del Fuego,518,37606,26890,20_1
789,2014,3,Santiago Del Estero,0,37540,43070,14_3
307,2019,3,Santa Cruz,4,37430,34205,19_3
837,2014,1,Santiago Del Estero,0,37113,35672,14_1
742,2015,1,Tierra Del Fuego,0,36944,42549,15_1
694,2015,3,Tierra Del Fuego,0,36710,39408,15_3
729,2015,1,Jujuy,0,36612,38100,15_1
597,2016,3,Santiago Del Estero,0,36592,30691,16_3
718,2015,2,Tierra Del Fuego,0,36375,39073,15_2
753,2014,4,Jujuy,0,35955,35005,14_4
550,2017,1,Tierra Del Fuego,0,35710,38419,17_1
526,2017,2,Tierra Del Fuego,0,35710,38419,17_2
574,2016,4,Tierra Del Fuego,0,35710,38419,16_4
142,2021,2,Tierra Del Fuego,889,35693,26723,21_2
598,2016,3,Tierra Del Fuego,0,35381,38090,16_3
573,2016,4,Santiago Del Estero,0,35054,29245,16_4
338,2019,1,Catamarca,7,34739,26705,19_1
549,2017,1,Santiago Del Estero,0,34478,28647,17_1
454,2018,1,Tierra Del Fuego,0,34409,37117,18_1
386,2018,3,Catamarca,7,34373,21681,18_3
801,2014,2,Jujuy,0,34344,32777,14_2
502,2017,3,Tierra Del Fuego,0,34164,36918,17_3
410,2018,2,Catamarca,6,34073,22085,18_2
403,2018,3,Santa Cruz,3,33945,36305,18_3
434,2018,1,Catamarca,4,33929,21955,18_1
825,2014,1,Jujuy,0,33803,32305,14_1
427,2018,2,Santa Cruz,3,33772,31070,18_2
451,2018,1,Santa Cruz,3,33772,31070,18_1
777,2014,3,Jujuy,0,33709,33285,14_3
314,2019,2,Catamarca,10,33622,23790,19_2
362,2018,4,Catamarca,7,33583,25715,18_4
646,2016,1,Tierra Del Fuego,0,33304,36013,16_1
525,2017,2,Santiago Del Estero,0,33199,27145,17_2
670,2015,4,Tierra Del Fuego,0,32963,35672,15_4
790,2014,3,Tierra Del Fuego,0,32698,35828,14_3
667,2015,4,Santa Cruz,0,32555,34478,15_4
691,2015,3,Santa Cruz,0,32483,34416,15_3
619,2016,2,Santa Cruz,0,32427,34895,16_2
595,2016,3,Santa Cruz,0,32397,34624,16_3
643,2016,1,Santa Cruz,0,32393,34158,16_1
290,2019,3,Catamarca,15,32382,22272,19_3
440,2018,1,Formosa,1046,32320,25158,18_1
464,2017,4,Formosa,824,32055,34158,17_4
571,2016,4,Santa Cruz,0,32013,34389,16_4
547,2017,1,Santa Cruz,0,31863,34188,17_1
766,2014,4,Tierra Del Fuego,0,31786,34439,14_4
523,2017,2,Santa Cruz,0,31765,34023,17_2
478,2017,4,Tierra Del Fuego,0,31652,34494,17_4
814,2014,2,Tierra Del Fuego,0,31546,34658,14_2
838,2014,1,Tierra Del Fuego,0,31527,37092,14_1
488,2017,3,Formosa,459,31132,33577,17_3
475,2017,4,Santa Cruz,3,29978,31543,17_4
512,2017,2,Formosa,139,29958,31765,17_2
499,2017,3,Santa Cruz,1,29955,32202,17_3
584,2016,3,Formosa,10,29861,31719,16_3
536,2017,1,Formosa,22,29707,30954,17_1
458,2017,4,Catamarca,2,29558,22194,17_4
560,2016,4,Formosa,17,29518,31228,16_4
608,2016,2,Formosa,10,28836,30594,16_2
632,2016,1,Formosa,5,28316,29978,16_1
656,2015,4,Formosa,4,28091,30054,15_4
680,2015,3,Formosa,2,27751,28369,15_3
811,2014,2,Santa Cruz,0,27166,28541,14_2
704,2015,2,Formosa,1,27053,26929,15_2
554,2016,4,Catamarca,0,27032,22764,16_4
482,2017,3,Catamarca,1,27011,22170,17_3
578,2016,3,Catamarca,0,26984,22724,16_3
835,2014,1,Santa Cruz,0,26760,28217,14_1
506,2017,2,Catamarca,1,26703,21935,17_2
728,2015,1,Formosa,1,26700,33990,15_1
602,2016,2,Catamarca,1,26604,22594,16_2
650,2015,4,Catamarca,1,26471,22850,15_4
626,2016,1,Catamarca,1,26388,22659,16_1
530,2017,1,Catamarca,0,26315,21990,17_1
739,2015,1,Santa Cruz,0,26282,28368,15_1
752,2014,4,Formosa,1,26208,21988,14_4
674,2015,3,Catamarca,1,26091,29777,15_3
787,2014,3,Santa Cruz,0,26069,27832,14_3
776,2014,3,Formosa,0,25935,25376,14_3
715,2015,2,Santa Cruz,0,25756,27869,15_2
763,2014,4,Santa Cruz,0,25703,25729,14_4
698,2015,2,Catamarca,1,25678,27706,15_2
355,2019,1,Santa Cruz,4,25606,30800,19_1
800,2014,2,Formosa,0,25600,25044,14_2
746,2014,4,Catamarca,1,25493,26560,14_4
824,2014,1,Formosa,0,25422,24892,14_1
722,2015,1,Catamarca,1,25130,26778,15_1
379,2018,4,Santa Cruz,4,24768,26577,18_4
794,2014,2,Catamarca,0,24683,23938,14_2
770,2014,3,Catamarca,0,24680,23935,14_3
818,2014,1,Catamarca,0,24232,23307,14_1
426,2018,2,San Luis,2,21454,13642,18_2
450,2018,1,San Luis,2,21382,13570,18_1
587,2016,3,La Rioja,2,16935,13797,16_3
659,2015,4,La Rioja,3,16932,14100,15_4
683,2015,3,La Rioja,3,16771,17906,15_3
611,2016,2,La Rioja,5,16746,13668,16_2
635,2016,1,La Rioja,3,16691,13816,16_1
707,2015,2,La Rioja,3,16509,19685,15_2
755,2014,4,La Rioja,3,16402,18011,14_4
731,2015,1,La Rioja,3,16334,19020,15_1
563,2016,4,La Rioja,3,16315,13176,16_4
515,2017,2,La Rioja,2,16288,12984,17_2
539,2017,1,La Rioja,2,16224,13092,17_1
779,2014,3,La Rioja,0,15913,15215,14_3
803,2014,2,La Rioja,0,15912,15214,14_2
827,2014,1,La Rioja,0,15711,14951,14_1
474,2017,4,San Luis,7,14900,14432,17_4
594,2016,3,San Luis,2,14091,14197,16_3
522,2017,2,San Luis,2,14029,14144,17_2
546,2017,1,San Luis,2,14029,14144,17_1
570,2016,4,San Luis,2,14029,14144,16_4
618,2016,2,San Luis,2,13950,14101,16_2
642,2016,1,San Luis,2,13660,13775,16_1
666,2015,4,San Luis,2,13488,13603,15_4
690,2015,3,San Luis,2,13302,13426,15_3
714,2015,2,San Luis,2,13220,13344,15_2
762,2014,4,San Luis,2,13147,13235,14_4
810,2014,2,San Luis,2,13055,13125,14_2
786,2014,3,San Luis,0,13040,13139,14_3
738,2015,1,San Luis,2,12741,12910,15_1
834,2014,1,San Luis,2,12557,12654,14_1
498,2017,3,San Luis,7,12406,12995,17_3
